<Bindings>
  <Binding name="SKILLWEAVER_ST" header="SKILLWEAVER">
    CLICK SkillWeaver_ST:LeftButton
  </Binding>
  <Binding name="SKILLWEAVER_AOE" header="SKILLWEAVER">
    CLICK SkillWeaver_AOE:LeftButton
  </Binding>
  <Binding name="SKILLWEAVER_HEAL" header="SKILLWEAVER">
    CLICK SkillWeaver_HEAL:LeftButton
  </Binding>
  <Binding name="SKILLWEAVER_INT" header="SKILLWEAVER">
    CLICK SkillWeaver_INT:LeftButton
  </Binding>
  <Binding name="SKILLWEAVER_UTIL" header="SKILLWEAVER">
    CLICK SkillWeaver_UTIL:LeftButton
  </Binding>
  <Binding name="SKILLWEAVER_SELF" header="SKILLWEAVER">
    CLICK SkillWeaver_SELF:LeftButton
  </Binding>
</Bindings>
