{
    "regions": {
        "party1": {
            "top": 100,
            "left": 100,
            "width": 100,
            "height": 30
        },
        "party2": {
            "top": 140,
            "left": 100,
            "width": 100,
            "height": 30
        },
        "party3": {
            "top": 180,
            "left": 100,
            "width": 100,
            "height": 30
        },
        "party4": {
            "top": 220,
            "left": 100,
            "width": 100,
            "height": 30
        },
        "party5": {
            "top": 260,
            "left": 100,
            "width": 100,
            "height": 30
        },
        "dps_icon": {
            "top": 500,
            "left": 800,
            "width": 64,
            "height": 64
        },
        "enemy_cast_bar": {
            "top": 400,
            "left": 800,
            "width": 200,
            "height": 20
        },
        "player_health": {
            "top": 900,
            "left": 800,
            "width": 200,
            "height": 20
        },
        "target_health": {
            "top": 100,
            "left": 400,
            "width": 200,
            "height": 20
        }
    },
    "keybinds": {
        "party1": "f1",
        "party2": "f2",
        "party3": "f3",
        "party4": "f4",
        "party5": "f5",
        "heal_spell": "1",
        "dps_spell": "2",
        "active_mitigation": "3",
        "execute": "4",
        "defensive_major": "5",
        "interrupt": "f",
        "target_cycle": "tab"
    },
    "thresholds": {
        "heal_at": 0.70,
        "critical_at": 0.40
    },
    "reaction_time_min": 0.15,
    "reaction_time_max": 0.25
}